{"pos": [[2, 3], [5, 3], [2, 2], [5, 2], [2, 1], [5, 1], [2, 1], [5, 2], [2, 1], [5, 1], [2, 0], [5, 2], [2, 4], [5, 3], [2, 5], [5, 4], [3, 5], [4, 4], [3, 4], [4, 5], [3, 4], [5, 5], [3, 3], [5, 4], [3, 3], [5, 5], [3, 2], [5, 6], [3, 1], [5, 5], [3, 0], [5, 6], [3, 5], [4, 6], [3, 5], [3, 6], [4, 5], [3, 7], [4, 4], [4, 7], [4, 3], [4, 6], [4, 2], [4, 5], [3, 2], [3, 5], [3, 2], [3, 7], [5, 2], [2, 7], [5, 3], [3, 7], [6, 3], [3, 6], [7, 3], [4, 6], [4, 3], [5, 6], [4, 4], [5, 7], [3, 4], [5, 6], [3, 4], [4, 6], [3, 4], [3, 6], [3, 4], [3, 5], [5, 4], [3, 6], [5, 4], [2, 6], [6, 4], [3, 6], [7, 4], [3, 5], [6, 4], [2, 5], [6, 4], [3, 5]], "a_points": [1, 1, 2, 2, 3, 3, 1, 1, 5, 5, 6, 6, 12, 12, 12, 12, 13, 13, 14, 14, 12, 12, 13, 13, 17, 17, 18, 18, 19, 19, 20, 20, 30, 30, 34, 34, 34, 34, 35, 35, 35, 35, 36, 36, 37, 37, 41, 41, 43, 43, 43, 43, 44, 44, 45, 45, 49, 49, 49, 49, 50, 50, 48, 48, 46, 46, 50, 50, 52, 52, 56, 56, 56, 56, 56, 56, 57, 57, 55, 55], "b_points": [0, 0, 0, 0, 0, 0, 0, 1, 1, 0, 0, 0, 0, 1, 1, 1, 1, 1, 1, 1, 1, 1, 1, 1, 1, 2, 2, 3, 3, 2, 2, 2, 2, 2, 2, 2, 2, 3, 3, 4, 4, 4, 4, 3, 3, 3, 3, 5, 5, 5, 5, 5, 5, 5, 5, 5, 5, 6, 6, 6, 6, 7, 7, 6, 6, 6, 6, 6, 6, 6, 6, 6, 6, 7, 7, 7, 7, 6, 6, 6], "a_turns_left": [39, 39, 38, 38, 37, 37, 36, 36, 35, 35, 34, 34, 33, 33, 32, 32, 31, 31, 30, 30, 29, 29, 28, 28, 27, 27, 26, 26, 25, 25, 24, 24, 23, 23, 22, 22, 21, 21, 20, 20, 19, 19, 18, 18, 17, 17, 16, 16, 15, 15, 14, 14, 13, 13, 12, 12, 11, 11, 10, 10, 9, 9, 8, 8, 7, 7, 6, 6, 5, 5, 4, 4, 3, 3, 2, 2, 1, 1, 0, 0], "b_turns_left": [40, 39, 39, 38, 38, 37, 37, 36, 36, 35, 35, 34, 34, 33, 33, 32, 32, 31, 31, 30, 30, 29, 29, 28, 28, 27, 27, 26, 26, 25, 25, 24, 24, 23, 23, 22, 22, 21, 21, 20, 20, 19, 19, 18, 18, 17, 17, 16, 16, 15, 15, 14, 14, 13, 13, 12, 12, 11, 11, 10, 10, 9, 9, 8, 8, 7, 7, 6, 6, 5, 5, 4, 4, 3, 3, 2, 2, 1, 1, 0], "a_time_left": [353.21944070002064, 353.21944070002064, 346.4614366001915, 346.4614366001915, 339.7077671000734, 339.7077671000734, 332.95659260009415, 332.95659260009415, 326.2045676000416, 326.2045676000416, 319.45340660004877, 319.45340660004877, 312.7021565998439, 312.7021565998439, 305.9507205998525, 305.9507205998525, 299.199737199815, 299.199737199815, 292.4452647997532, 292.4452647997532, 285.69406369980425, 285.69406369980425, 278.9425799997989, 278.9425799997989, 272.19118269975297, 272.19118269975297, 265.44031209964305, 265.44031209964305, 258.68979879957624, 258.68979879957624, 251.93923839950003, 251.93923839950003, 245.18865959951654, 245.18865959951654, 238.43779049953446, 238.43779049953446, 231.68700499949045, 231.68700499949045, 224.93597919959575, 224.93597919959575, 218.18539269967005, 218.18539269967005, 211.4343553998042, 211.4343553998042, 204.68332129972987, 204.68332129972987, 197.9319928996265, 197.9319928996265, 191.18116849963553, 191.18116849963553, 184.42985369963571, 184.42985369963571, 177.67829759954475, 177.67829759954475, 170.9273099997081, 170.9273099997081, 164.1765635998454, 164.1765635998454, 157.42589729977772, 157.42589729977772, 150.67496209964156, 150.67496209964156, 143.92379139945842, 143.92379139945842, 137.17292489949614, 137.17292489949614, 130.42142469948158, 130.42142469948158, 123.67077419930138, 123.67077419930138, 116.91646779933944, 116.91646779933944, 110.16590749938041, 110.16590749938041, 107.08558149938472, 107.08558149938472, 106.92724639945664, 106.92724639945664, 106.90695469942875, 106.90695469942875], "b_time_left": [360, 359.9997985998634, 359.9997985998634, 359.99965239991434, 359.99965239991434, 359.9995386998635, 359.9995386998635, 359.9994149999693, 359.9994149999693, 359.99929670011625, 359.99929670011625, 359.99923490011133, 359.99923490011133, 359.9991856000852, 359.9991856000852, 359.9991399999708, 359.9991399999708, 359.999003799865, 359.999003799865, 359.99896049988456, 359.99896049988456, 359.99881819984876, 359.99881819984876, 359.9986806998495, 359.9986806998495, 359.9986343998462, 359.9986343998462, 359.9985693998169, 359.9985693998169, 359.9985248998273, 359.9985248998273, 359.9984817998484, 359.9984817998484, 359.998409899883, 359.998409899883, 359.99832789972425, 359.99832789972425, 359.99826269969344, 359.99826269969344, 359.998196499655, 359.998196499655, 359.99814729974605, 359.99814729974605, 359.9980242997408, 359.9980242997408, 359.9979139997158, 359.9979139997158, 359.99786549969576, 359.99786549969576, 359.9978102997411, 359.9978102997411, 359.99772009975277, 359.99772009975277, 359.9976456996519, 359.9976456996519, 359.9976035996806, 359.9976035996806, 359.9975555995479, 359.9975555995479, 359.9974882993847, 359.9974882993847, 359.99741659942083, 359.99741659942083, 359.9973576993216, 359.9973576993216, 359.99727549916133, 359.99727549916133, 359.99721309915185, 359.99721309915185, 359.9971311991103, 359.9971311991103, 359.9970770990476, 359.9970770990476, 359.9970354991965, 359.9970354991965, 359.9969945992343, 359.9969945992343, 359.996958599193, 359.996958599193, 359.9968993992079], "rat_caught": [false, false, false, false, false, false, false, false, true, false, false, false, false, false, false, false, false, false, false, false, false, false, false, false, true, false, false, false, false, false, false, false, false, false, true, false, false, false, false, false, false, false, false, false, false, false, true, false, false, false, false, false, false, false, false, false, false, false, false, false, false, false, false, false, false, false, true, false, false, false, true, false, false, false, false, false, false, false, false, false], "left_behind": ["prime", "plain", "prime", "plain", "prime", "plain", "search", "prime", "search", "carpet", "prime", "plain", "carpet", "prime", "plain", "plain", "prime", "plain", "prime", "plain", "search", "plain", "prime", "plain", "search", "prime", "prime", "prime", "prime", "carpet", "prime", "plain", "carpet", "plain", "search", "plain", "plain", "prime", "prime", "prime", "plain", "plain", "prime", "carpet", "prime", "plain", "search", "carpet", "carpet", "plain", "plain", "plain", "prime", "plain", "prime", "plain", "carpet", "prime", "plain", "plain", "prime", "prime", "search", "carpet", "search", "plain", "search", "plain", "carpet", "plain", "search", "plain", "plain", "prime", "plain", "plain", "prime", "carpet", "search", "plain"], "errlog_a": "Played 40 turns, caught rat 6 time(s).", "errlog_b": "", "start_time": 360, "start_moves": 80, "turn_count": 80, "result": 0, "reason": "POINTS", "trapdoors": [[2, 2], [2, 2], [2, 3], [2, 3], [2, 3], [2, 3], [2, 3], [2, 3], [2, 3], [7, 3], [7, 2], [7, 2], [7, 1], [7, 1], [7, 0], [7, 0], [7, 0], [6, 0], [6, 0], [5, 0], [5, 0], [5, 0], [5, 0], [5, 0], [5, 0], [3, 7], [3, 7], [2, 7], [2, 7], [2, 6], [2, 6], [2, 6], [1, 6], [1, 5], [1, 5], [7, 5], [7, 4], [7, 4], [7, 4], [7, 4], [7, 4], [7, 4], [7, 3], [7, 3], [7, 3], [7, 4], [7, 4], [2, 0], [2, 1], [2, 1], [2, 1], [2, 1], [2, 1], [2, 1], [2, 1], [2, 0], [2, 0], [2, 0], [2, 1], [2, 2], [2, 2], [2, 3], [2, 3], [2, 3], [2, 3], [2, 4], [2, 4], [6, 5], [7, 5], [7, 4], [7, 4], [3, 4], [3, 5], [3, 5], [3, 5], [3, 6], [3, 6], [3, 7], [3, 7], [3, 7], [3, 7]], "spawn_a": [2, 4], "spawn_b": [5, 4]}